Dataset,RMSE,R^2
Train,103.78652807803682,0.44605761766433716
Test,124.0244310830665,0.42247188091278076
OOT,201.894417150986,0.1439240574836731
CV (Mean),124.31047789174632,0.3440221667289734
CV Fold 1,113.93371100670375,0.3084973692893982
CV Fold 2,107.06198784194002,0.37111419439315796
CV Fold 3,116.57408525298263,0.4362484812736511
CV Fold 4,120.43869773067553,0.338384211063385
CV Fold 5,163.5439076264297,0.26586657762527466
