Dataset,RMSE,R^2
Train,99.04203428000746,0.4955457902180631
Test,116.25550655080743,0.49255880070183544
OOT,201.89533544864958,0.1439162238859284
CV Fold 1,111.13006126342972,0.34211120408276263
CV Fold 2,100.62234225082818,0.44449235520530983
CV Fold 3,106.54668438173243,0.5290621798736419
CV Fold 4,114.5335177790933,0.4016724880023639
CV Fold 5,160.66877886507314,0.2914519770501096
CV Mean,118.70027690803136,0.4017580408428376
